Language,Percentage of Speakers,Literacy Rate,Population,Dual-Earner Family,Gender Ratio,Year,State,zone
Hindi,94.30%,69.80%,"75,767,076",25.20%,948,2021,Rajasthan,north
Marwari,5.10%,53.70%,"3,995,000",18.60%,936,2021,Rajasthan,north
Mewari,3.80%,49.10%,"2,970,000",17.20%,928,2021,Rajasthan,north
Rajasthani,3.50%,47.90%,"2,735,000",16.10%,921,2021,Rajasthan,north
Bhili,2.90%,46.30%,"2,265,000",15.20%,915,2021,Rajasthan,north
Garhwali,1.50%,39.40%,"1,170,000",13.10%,908,2021,Rajasthan,north
Kumaoni,1.20%,36.70%,"930,000",12.20%,901,2021,Rajasthan,north
Shekhawati,0.80%,34.10%,"624,000",11.30%,894,2021,Rajasthan,north
Jaipuri,0.70%,32.80%,"546,000",10.50%,887,2021,Rajasthan,north
Malvi,0.60%,31.60%,"468,000",9.70%,880,2021,Rajasthan,north
Others,1.60%,30.30%,"1,248,000",9.00%,873,2021,Rajasthan,north
Hindi,94.70%,66.30%,"68,548,437",-,941,2011,Rajasthan,north
Marwari,4.90%,51.40%,"3,782,000",-,933,2011,Rajasthan,north
Mewari,3.60%,47.40%,"2,810,000",-,925,2011,Rajasthan,north
Rajasthani,3.40%,46.80%,"2,655,000",-,918,2011,Rajasthan,north
Bhili,2.80%,45.20%,"2,190,000",-,911,2011,Rajasthan,north
Garhwali,1.40%,38.70%,"1,110,000",-,903,2011,Rajasthan,north
Kumaoni,1.10%,36.00%,"870,000",-,896,2011,Rajasthan,north
Shekhawati,0.70%,33.40%,"540,000",-,889,2011,Rajasthan,north
Jaipuri,0.60%,31.90%,"492,000",-,882,2011,Rajasthan,north
Malvi,0.50%,30.70%,"414,000",-,875,2011,Rajasthan,north
Others,1.30%,29.40%,"1,015,000",-,868,2011,Rajasthan,north
Hindi,94.50%,59.40%,"56,507,188",-,849,2001,Rajasthan,north
Marwari,5.20%,49.30%,"3,960,000",-,849,2001,Rajasthan,north
Mewari,3.70%,45.70%,"2,850,000",-,849,2001,Rajasthan,north
Rajasthani,3.30%,44.10%,"2,580,000",-,849,2001,Rajasthan,north
Bhili,2.60%,42.50%,"2,070,000",-,849,2001,Rajasthan,north
Garhwali,1.30%,37.90%,"1,020,000",-,849,2001,Rajasthan,north
Kumaoni,1.00%,35.20%,"780,000",-,849,2001,Rajasthan,north
Shekhawati,0.70%,32.60%,"510,000",-,849,2001,Rajasthan,north
Jaipuri,0.60%,31.10%,"450,000",-,849,2001,Rajasthan,north
Malvi,0.50%,29.90%,"400,000",-,849,2001,Rajasthan,north
Others,1.10%,28.60%,"860,000",-,849,2001,Rajasthan,north
Hindi,94.40%,52.10%,"46,109,023",-,922,1991,Rajasthan,north
Marwari,5.20%,43.60%,"3,850,000",-,914,1991,Rajasthan,north
Mewari,3.80%,41.50%,"2,890,000",-,906,1991,Rajasthan,north
Rajasthani,3.40%,40.20%,"2,680,000",-,898,1991,Rajasthan,north
Bhili,2.70%,38.90%,"2,210,000",-,890,1991,Rajasthan,north
Garhwali,1.30%,35.40%,"1,000,000",-,882,1991,Rajasthan,north
Kumaoni,1.10%,32.70%,"850,000",-,874,1991,Rajasthan,north
Shekhawati,0.70%,29.90%,"500,000",-,866,1991,Rajasthan,north
Jaipuri,0.60%,28.40%,"440,000",-,858,1991,Rajasthan,north
Malvi,0.50%,27.20%,"380,000",-,850,1991,Rajasthan,north
Others,1.10%,26.00%,"830,000",-,842,1991,Rajasthan,north
Hindi,94.20%,44.50%,"36,772,511",-,923,1981,Rajasthan,north
Marwari,5.30%,39.50%,"4,090,000",-,915,1981,Rajasthan,north
Mewari,3.90%,37.00%,"3,220,000",-,907,1981,Rajasthan,north
Rajasthani,3.60%,35.50%,"2,990,000",-,900,1981,Rajasthan,north
Bhili,3.00%,34.00%,"2,610,000",-,893,1981,Rajasthan,north
Garhwali,1.50%,31.50%,"1,230,000",-,886,1981,Rajasthan,north
Kumaoni,1.20%,29.00%,"1,010,000",-,879,1981,Rajasthan,north
Shekhawati,0.80%,26.50%,"670,000",-,872,1981,Rajasthan,north
Jaipuri,0.60%,25.00%,"530,000",-,865,1981,Rajasthan,north
Malvi,0.60%,23.50%,"490,000",-,858,1981,Rajasthan,north
Others,1.60%,22.00%,"1,350,000",-,851,1981,Rajasthan,north
Hindi,93.90%,36.70%,"28,603,000",-,925,1971,Rajasthan,north
Marwari,5.40%,32.50%,"4,210,000",-,917,1971,Rajasthan,north
Mewari,4.00%,30.00%,"3,270,000",-,909,1971,Rajasthan,north
Rajasthani,3.70%,28.50%,"3,010,000",-,902,1971,Rajasthan,north
Bhili,3.10%,27.00%,"2,630,000",-,895,1971,Rajasthan,north
Garhwali,1.60%,24.50%,"1,340,000",-,888,1971,Rajasthan,north
Kumaoni,1.30%,22.00%,"1,120,000",-,881,1971,Rajasthan,north
Shekhawati,0.80%,19.50%,"690,000",-,874,1971,Rajasthan,north
Jaipuri,0.70%,18.00%,"590,000",-,867,1971,Rajasthan,north
Malvi,0.60%,16.50%,"520,000",-,860,1971,Rajasthan,north
Others,1.70%,15.00%,"1,420,000",-,853,1971,Rajasthan,north
Hindi,92.70%,25.60%,"25,357,295",-,929,1961,Rajasthan,north
Marwari,6.30%,28.20%,"4,216,000",-,918,1961,Rajasthan,north
Mewari,4.20%,26.00%,"3,076,000",-,907,1961,Rajasthan,north
Rajasthani,3.80%,24.80%,"2,826,000",-,896,1961,Rajasthan,north
Bhili,3.10%,23.60%,"2,476,000",-,885,1961,Rajasthan,north
Garhwali,1.70%,22.40%,"1,356,000",-,874,1961,Rajasthan,north
Kumaoni,1.40%,21.20%,"1,136,000",-,863,1961,Rajasthan,north
Shekhawati,0.80%,20.00%,"676,000",-,852,1961,Rajasthan,north
Jaipuri,0.70%,18.80%,"586,000",-,841,1961,Rajasthan,north
Malvi,0.70%,17.60%,"566,000",-,830,1961,Rajasthan,north
Others,3.00%,16.40%,"2,336,000",-,819,1961,Rajasthan,north
Hindi,90.40%,74.40%,"164,138,000",35.70%,0.93,2021,Uttar Pradesh,north
Awadhi,6.40%,60.30%,"10,500,000",28.70%,0.92,2021,Uttar Pradesh,north
Bhojpuri,5.30%,58.50%,"8,700,000",27.10%,0.91,2021,Uttar Pradesh,north
Braj Bhasha,4.70%,55.80%,"7,700,000",25.90%,0.9,2021,Uttar Pradesh,north
Maithili,3.20%,51.60%,"5,300,000",23.90%,0.89,2021,Uttar Pradesh,north
Tharu,1.60%,48.70%,"2,700,000",22.30%,0.88,2021,Uttar Pradesh,north
Garhwali,0.90%,45.90%,"1,500,000",21.10%,0.87,2021,Uttar Pradesh,north
Kumaoni,0.80%,43.80%,"1,300,000",20.50%,0.86,2021,Uttar Pradesh,north
Bundelkhandi,0.60%,41.90%,"1,000,000",19.30%,0.85,2021,Uttar Pradesh,north
Bagheli,0.40%,40.10%,"700,000",18.10%,0.84,2021,Uttar Pradesh,north
Other,5.60%,55.60%,"9,200,000",25.80%,0.9,2021,Uttar Pradesh,north
Hindi,89.40%,68.20%,"149,075,000",-,-,2011,Uttar Pradesh,north
Awadhi,7.20%,60.20%,"12,500,000",-,-,2011,Uttar Pradesh,north
Bhojpuri,5.60%,58.10%,"9,800,000",-,-,2011,Uttar Pradesh,north
Braj Bhasha,5.00%,55.60%,"8,800,000",-,-,2011,Uttar Pradesh,north
Maithili,3.00%,51.40%,"5,300,000",-,-,2011,Uttar Pradesh,north
Tharu,1.50%,48.50%,"2,600,000",-,-,2011,Uttar Pradesh,north
Garhwali,0.90%,45.70%,"1,500,000",-,-,2011,Uttar Pradesh,north
Kumaoni,0.80%,43.60%,"1,300,000",-,-,2011,Uttar Pradesh,north
Bundelkhandi,0.60%,41.70%,"1,000,000",-,-,2011,Uttar Pradesh,north
Bagheli,0.40%,40.00%,"700,000",-,-,2011,Uttar Pradesh,north
Other,6.00%,55.40%,"10,200,000",-,-,2011,Uttar Pradesh,north
Hindi,88.80%,61.80%,"136,477,000",-,-,2001,Uttar Pradesh,north
Awadhi,7.80%,53.80%,"11,200,000",-,-,2001,Uttar Pradesh,north
Bhojpuri,6.00%,52.40%,"8,800,000",-,-,2001,Uttar Pradesh,north
Braj Bhasha,5.20%,51.20%,"7,800,000",-,-,2001,Uttar Pradesh,north
Maithili,2.90%,48.60%,"4,400,000",-,-,2001,Uttar Pradesh,north
Tharu,1.40%,45.10%,"2,100,000",-,-,2001,Uttar Pradesh,north
Garhwali,0.90%,43.30%,"1,400,000",-,-,2001,Uttar Pradesh,north
Kumaoni,0.80%,41.50%,"1,200,000",-,-,2001,Uttar Pradesh,north
Bundelkhandi,0.60%,40.80%,"900,000",-,-,2001,Uttar Pradesh,north
Bagheli,0.40%,39.30%,"600,000",-,-,2001,Uttar Pradesh,north
Other,6.20%,51.60%,"9,400,000",-,-,2001,Uttar Pradesh,north
Hindi,88.20%,54.60%,"124,081,000",-,-,1991,Uttar Pradesh,north
Awadhi,8.00%,49.80%,"10,500,000",-,-,1991,Uttar Pradesh,north
Bhojpuri,6.20%,48.50%,"8,100,000",-,-,1991,Uttar Pradesh,north
Braj Bhasha,5.40%,47.30%,"7,000,000",-,-,1991,Uttar Pradesh,north
Maithili,3.30%,44.80%,"4,600,000",-,-,1991,Uttar Pradesh,north
Tharu,1.50%,42.20%,"2,200,000",-,-,1991,Uttar Pradesh,north
Garhwali,0.90%,40.50%,"1,300,000",-,-,1991,Uttar Pradesh,north
Kumaoni,0.80%,39.10%,"1,100,000",-,-,1991,Uttar Pradesh,north
Bundelkhandi,0.60%,37.70%,"900,000",-,-,1991,Uttar Pradesh,north
Bagheli,0.40%,36.30%,"700,000",-,-,1991,Uttar Pradesh,north
Other,6.50%,46.90%,"9,000,000",-,-,1991,Uttar Pradesh,north
Hindi,87.00%,47.20%,"112,416,000",-,-,1981,Uttar Pradesh,north
Awadhi,8.50%,43.20%,"10,200,000",-,-,1981,Uttar Pradesh,north
Bhojpuri,6.50%,42.00%,"7,900,000",-,-,1981,Uttar Pradesh,north
Braj Bhasha,5.60%,40.80%,"6,800,000",-,-,1981,Uttar Pradesh,north
Maithili,3.50%,39.40%,"4,800,000",-,-,1981,Uttar Pradesh,north
Tharu,1.60%,38.20%,"2,400,000",-,-,1981,Uttar Pradesh,north
Garhwali,1.00%,36.00%,"1,500,000",-,-,1981,Uttar Pradesh,north
Kumaoni,0.90%,34.80%,"1,300,000",-,-,1981,Uttar Pradesh,north
Bundelkhandi,0.60%,33.60%,"1,000,000",-,-,1981,Uttar Pradesh,north
Bagheli,0.40%,32.40%,"700,000",-,-,1981,Uttar Pradesh,north
Other,6.90%,39.80%,"9,500,000",-,-,1981,Uttar Pradesh,north
Hindi,85.80%,39.60%,"98,378,000",-,-,1971,Uttar Pradesh,north
Awadhi,9.80%,35.70%,"9,600,000",-,-,1971,Uttar Pradesh,north
Bhojpuri,7.20%,34.30%,"7,000,000",-,-,1971,Uttar Pradesh,north
Braj Bhasha,6.00%,33.00%,"5,900,000",-,-,1971,Uttar Pradesh,north
Maithili,3.60%,31.30%,"3,500,000",-,-,1971,Uttar Pradesh,north
Tharu,1.70%,30.10%,"1,700,000",-,-,1971,Uttar Pradesh,north
Garhwali,1.10%,28.80%,"1,100,000",-,-,1971,Uttar Pradesh,north
Kumaoni,1.00%,27.60%,"900,000",-,-,1971,Uttar Pradesh,north
Bundelkhandi,0.60%,26.40%,"600,000",-,-,1971,Uttar Pradesh,north
Bagheli,0.40%,25.20%,"400,000",-,-,1971,Uttar Pradesh,north
Other,7.10%,33.80%,"7,000,000",-,-,1971,Uttar Pradesh,north
Hindi,84.30%,28.30%,"78,942,000",-,-,1961,Uttar Pradesh,north
Awadhi,11.00%,24.80%,"9,300,000",-,-,1961,Uttar Pradesh,north
Bhojpuri,7.90%,23.30%,"6,800,000",-,-,1961,Uttar Pradesh,north
Braj Bhasha,6.60%,21.80%,"5,800,000",-,-,1961,Uttar Pradesh,north
Maithili,4.40%,20.30%,"3,900,000",-,-,1961,Uttar Pradesh,north
Tharu,2.00%,18.80%,"1,900,000",-,-,1961,Uttar Pradesh,north
Garhwali,1.20%,17.30%,"1,200,000",-,-,1961,Uttar Pradesh,north
Kumaoni,1.10%,16.80%,"1,100,000",-,-,1961,Uttar Pradesh,north
Bundelkhandi,0.70%,16.30%,"700,000",-,-,1961,Uttar Pradesh,north
Bagheli,0.40%,15.80%,"400,000",-,-,1961,Uttar Pradesh,north
Other,8.10%,22.80%,"7,300,000",-,-,1961,Uttar Pradesh,north
Hindi,83.50%,20.00%,"65,971,000",-,-,1951,Uttar Pradesh,north
Awadhi,11.50%,16.30%,"8,900,000",-,-,1951,Uttar Pradesh,north
Bhojpuri,8.70%,15.00%,"6,400,000",-,-,1951,Uttar Pradesh,north
Braj Bhasha,7.20%,13.80%,"5,400,000",-,-,1951,Uttar Pradesh,north
Maithili,4.80%,12.50%,"3,600,000",-,-,1951,Uttar Pradesh,north
Tharu,2.30%,11.20%,"1,800,000",-,-,1951,Uttar Pradesh,north
Garhwali,1.40%,10.00%,"1,100,000",-,-,1951,Uttar Pradesh,north
Kumaoni,1.30%,9.50%,"1,000,000",-,-,1951,Uttar Pradesh,north
Bundelkhandi,0.80%,9.00%,"600,000",-,-,1951,Uttar Pradesh,north
Bagheli,0.50%,8.50%,"400,000",-,-,1951,Uttar Pradesh,north
Other,9.00%,14.80%,"6,700,000",-,-,1951,Uttar Pradesh,north
Hindi,93.50%,78.80%,"9,395,000",-,0.93,2021,Uttarakhand,north
Garhwali,4.80%,67.30%,"498,000",-,0.92,2021,Uttarakhand,north
Kumaoni,4.30%,63.00%,"447,000",-,0.91,2021,Uttarakhand,north
Jaunsari,2.70%,59.00%,"279,000",-,0.9,2021,Uttarakhand,north
Other,4.70%,69.20%,"471,000",-,0.93,2021,Uttarakhand,north
Hindi,92.80%,74.90%,"8,854,000",-,0.93,2011,Uttarakhand,north
Garhwali,4.70%,65.50%,"459,000",-,0.92,2011,Uttarakhand,north
Kumaoni,4.20%,61.20%,"423,000",-,0.91,2011,Uttarakhand,north
Jaunsari,2.60%,57.40%,"267,000",-,0.9,2011,Uttarakhand,north
Other,4.60%,68.30%,"456,000",-,0.93,2011,Uttarakhand,north
Hindi,91.50%,69.70%,"8,114,000",-,0.93,2001,Uttarakhand,north
Garhwali,5.20%,61.80%,"481,000",-,0.92,2001,Uttarakhand,north
Kumaoni,4.50%,58.40%,"434,000",-,0.91,2001,Uttarakhand,north
Jaunsari,2.90%,54.60%,"294,000",-,0.9,2001,Uttarakhand,north
Other,5.90%,72.10%,"505,000",-,0.93,2001,Uttarakhand,north
Hindi,90.00%,64.50%,"7,185,000",-,0.93,1991,Uttarakhand,north
Garhwali,5.50%,57.80%,"490,000",-,0.92,1991,Uttarakhand,north
Kumaoni,4.70%,54.40%,"430,000",-,0.91,1991,Uttarakhand,north
Jaunsari,3.10%,50.60%,"290,000",-,0.9,1991,Uttarakhand,north
Other,6.70%,67.60%,"555,000",-,0.93,1991,Uttarakhand,north
Hindi,88.00%,59.00%,"6,314,000",-,0.93,1981,Uttarakhand,north
Garhwali,6.00%,53.20%,"480,000",-,0.92,1981,Uttarakhand,north
Kumaoni,5.30%,50.80%,"420,000",-,0.91,1981,Uttarakhand,north
Jaunsari,3.00%,47.40%,"280,000",-,0.9,1981,Uttarakhand,north
Other,7.70%,62.80%,"534,000",-,0.93,1981,Uttarakhand,north
Hindi,87.00%,49.20%,"5,454,000",-,0.93,1971,Uttarakhand,north
Garhwali,6.70%,47.20%,"440,000",-,0.92,1971,Uttarakhand,north
Kumaoni,5.70%,44.80%,"380,000",-,0.91,1971,Uttarakhand,north
Jaunsari,3.40%,42.40%,"260,000",-,0.9,1971,Uttarakhand,north
Other,7.20%,54.80%,"464,000",-,0.93,1971,Uttarakhand,north
Hindi,85.00%,39.40%,"4,594,000",-,0.93,1961,Uttarakhand,north
Garhwali,7.40%,37.20%,"420,000",-,0.92,1961,Uttarakhand,north
Kumaoni,6.10%,35.80%,"360,000",-,0.91,1961,Uttarakhand,north
Jaunsari,3.50%,34.40%,"240,000",-,0.9,1961,Uttarakhand,north
Other,8.00%,44.00%,"474,000",-,0.93,1961,Uttarakhand,north
Hindi,83.00%,30.00%,"3,674,000",-,0.93,1951,Uttarakhand,north
Garhwali,8.40%,28.20%,"340,000",-,0.92,1951,Uttarakhand,north
Kumaoni,6.80%,26.80%,"290,000",-,0.91,1951,Uttarakhand,north
Jaunsari,4.00%,25.40%,"180,000",-,0.9,1951,Uttarakhand,north
Other,8.80%,33.60%,"344,000",-,0.93,1951,Uttarakhand,north
Santali,47.50%,56.70%,"6,746,663",32.10%,943,2021,Jharkhand,East
Mundari,25.40%,49.30%,"4,052,123",28.30%,938,2021,Jharkhand,East
Kurukh,14.50%,43.90%,"2,323,434",25.20%,928,2021,Jharkhand,East
Ho,8.10%,38.50%,"1,300,392",22.50%,918,2021,Jharkhand,East
Kharia,2.20%,33.10%,"352,125",19.80%,908,2021,Jharkhand,East
Sora,1.10%,27.70%,"176,057",17.10%,898,2021,Jharkhand,East
Other,1.20%,30.30%,"192,109",18.70%,903,2021,Jharkhand,East
Santali,46.90%,52.80%,"6,520,952",-,-,2011,Jharkhand,East
Mundari,24.90%,46.60%,"3,949,037",-,-,2011,Jharkhand,East
Kurukh,14.10%,41.50%,"2,276,102",-,-,2011,Jharkhand,East
Ho,8.60%,35.90%,"1,274,860",-,-,2011,Jharkhand,East
Kharia,2.20%,31.80%,"348,168",-,-,2011,Jharkhand,East
Sora,1.10%,26.90%,"171,945",-,-,2011,Jharkhand,East
Other,1.20%,29.60%,"189,988",-,-,2011,Jharkhand,East
Santali,45.20%,48.90%,"5,911,031",-,-,2001,Jharkhand,East
Mundari,24.40%,42.90%,"3,693,309",-,-,2001,Jharkhand,East
Kurukh,13.70%,39.60%,"2,189,066",-,-,2001,Jharkhand,East
Ho,9.20%,33.10%,"1,233,252",-,-,2001,Jharkhand,East
Kharia,2.10%,30.50%,"338,254",-,-,2001,Jharkhand,East
Sora,1.00%,25.90%,"165,583",-,-,2001,Jharkhand,East
Other,1.40%,28.80%,"221,608",-,-,2001,Jharkhand,East
Santali,43.60%,45.00%,"5,301,137",-,-,1991,Jharkhand,East
Mundari,23.90%,39.10%,"3,440,803",-,-,1991,Jharkhand,East
Kurukh,13.30%,36.90%,"2,058,830",-,-,1991,Jharkhand,East
Ho,9.80%,31.30%,"1,178,734",-,-,1991,Jharkhand,East
Kharia,2.00%,29.60%,"323,737",-,-,1991,Jharkhand,East
Sora,1.00%,25.10%,"157,959",-,-,1991,Jharkhand,East
Other,1.40%,27.90%,"211,381",-,-,1991,Jharkhand,East
Santali,42.10%,41.10%,"4,715,883",-,-,1981,Jharkhand,East
Mundari,23.30%,35.30%,"3,198,082",-,-,1981,Jharkhand,East
Kurukh,12.90%,34.50%,"1,970,948",-,-,1981,Jharkhand,East
Ho,10.20%,29.50%,"1,125,537",-,-,1981,Jharkhand,East
Kharia,1.90%,28.70%,"311,557",-,-,1981,Jharkhand,East
Sora,0.90%,24.30%,"151,713",-,-,1981,Jharkhand,East
Other,1.70%,26.60%,"262,308",-,-,1981,Jharkhand,East
Santali,40.60%,37.20%,"4,129,209",-,-,1971,Jharkhand,East
Mundari,22.90%,31.50%,"2,955,657",-,-,1971,Jharkhand,East
Kurukh,12.50%,32.10%,"1,883,064",-,-,1971,Jharkhand,East
Ho,9.80%,27.70%,"1,072,340",-,-,1971,Jharkhand,East
Kharia,1.80%,27.80%,"300,992",-,-,1971,Jharkhand,East
Sora,0.80%,23.50%,"146,488",-,-,1971,Jharkhand,East
Other,2.10%,25.80%,"341,158",-,-,1971,Jharkhand,East
Santali,44.20%,33.30%,"3,729,266",-,-,1961,Jharkhand,East
Mundari,23.70%,28.50%,"2,005,613",-,-,1961,Jharkhand,East
Kurukh,12.30%,26.10%,"1,042,483",-,-,1961,Jharkhand,East
Ho,9.60%,24.30%,"814,997",-,-,1961,Jharkhand,East
Kharia,2.00%,23.40%,"168,569",-,-,1961,Jharkhand,East
Sora,0.90%,22.50%,"76,026",-,-,1961,Jharkhand,East
Other,1.80%,24.80%,"152,256",-,-,1961,Jharkhand,East
Santali,45.80%,29.50%,"3,425,072",-,-,1951,Jharkhand,East
Mundari,24.20%,26.70%,"1,803,660",-,-,1951,Jharkhand,East
Kurukh,11.90%,24.30%,"901,369",-,-,1951,Jharkhand,East
Ho,9.40%,22.50%,"701,770",-,-,1951,Jharkhand,East
Kharia,2.00%,21.60%,"150,838",-,-,1951,Jharkhand,East
Sora,0.90%,20.80%,"67,804",-,-,1951,Jharkhand,East
Other,1.70%,23.00%,"126,617",-,-,1951,Jharkhand,East
Hindi,86.30%,75.90%,"25,351,443",27.10%,879,2021,Harayana,north
Punjabi,10.60%,73.50%,"2,676,838",26.50%,867,2021,Harayana,north
Urdu,2.30%,70.50%,"592,088",25.90%,855,2021,Harayana,north
Haryanvi,0.80%,68.90%,"207,212",25.30%,843,2021,Harayana,north
Others,-,-,-,-,-,2021,Harayana,north
Hindi,85.10%,73.30%,"24,664,388",-,875,2011,Harayana,north
Punjabi,10.80%,72.50%,"2,696,482",-,863,2011,Harayana,north
Urdu,2.40%,70.00%,"599,024",-,851,2011,Harayana,north
Haryanvi,0.90%,67.90%,"227,578",-,839,2011,Harayana,north
Others,-,-,-,-,-,2011,Harayana,north
Hindi,84.60%,70.80%,"23,944,804",-,873,2001,Harayana,north
Punjabi,11.10%,71.50%,"2,688,240",-,861,2001,Harayana,north
Urdu,2.50%,68.50%,"607,472",-,849,2001,Harayana,north
Haryanvi,1.00%,66.90%,"243,198",-,837,2001,Harayana,north
Others,-,-,-,-,-,2001,Harayana,north
Hindi,83.80%,68.30%,"23,226,308",-,871,1991,Harayana,north
Punjabi,11.40%,70.50%,"2,679,568",-,859,1991,Harayana,north
Urdu,2.60%,67.50%,"593,812",-,847,1991,Harayana,north
Haryanvi,1.10%,65.90%,"251,712",-,835,1991,Harayana,north
Others,-,-,-,-,-,1991,Harayana,north
Hindi,82.90%,65.80%,"22,508,814",-,869,1981,Harayana,north
Punjabi,11.70%,69.50%,"2,670,896",-,857,1981,Harayana,north
Urdu,2.70%,66.50%,"580,152",-,845,1981,Harayana,north
Haryanvi,1.20%,64.90%,"260,224",-,833,1981,Harayana,north
Others,-,-,-,-,-,1981,Harayana,north
Hindi,81.90%,63.30%,"21,790,320",-,867,1971,Harayana,north
Punjabi,12%,68.50%,"2,627,232",-,855,1971,Harayana,north
Urdu,2.80%,65.50%,"566,496",-,843,1971,Harayana,north
Haryanvi,1.30%,63.90%,"268,776",-,831,1971,Harayana,north
Others,-,-,-,-,-,1971,Harayana,north
Hindi,80.90%,59.80%,"20,982,816",-,865,1961,Harayana,north
Punjabi,12.30%,67.50%,"2,574,568",-,853,1961,Harayana,north
Urdu,2.90%,64.50%,"554,848",-,841,1961,Harayana,north
Haryanvi,1.40%,62.90%,"277,336",-,829,1961,Harayana,north
Others,-,-,-,-,-,1961,Harayana,north
Hindi,79.80%,56.30%,"20,175,312",-,861,1951,Harayana,north
Punjabi,12.60%,66.50%,"2,521,904",-,849,1951,Harayana,north
Urdu,3.00%,63.50%,"542,192",-,837,1951,Harayana,north
Haryanvi,1.50%,61.90%,"285,896",-,825,1951,Harayana,north
Others,-,-,-,-,-,1951,Harayana,north
Punjabi,95.40%,85.60%,33.18 million,30%,934,2021,Punjab,north
Hindi,2.30%,65.10%,7.66 million,25%,907,2021,Punjab,north
Dogri,1.10%,75.20%,3.26 million,28%,928,2021,Punjab,north
Pahari,0.90%,70.40%,2.63 million,27%,916,2021,Punjab,north
Urdu,0.50%,60.30%,1.51 million,23%,884,2021,Punjab,north
Punjabi,95.20%,71.42%,30.69 million,-,907,2011,Punjab,north
Hindi,2.50%,65.10%,7.45 million,-,907,2011,Punjab,north
Dogri,1.00%,75.20%,3.1 million,-,928,2011,Punjab,north
Pahari,0.90%,70.40%,2.51 million,-,916,2011,Punjab,north
Urdu,0.40%,60.30%,1.38 million,-,884,2011,Punjab,north
Punjabi,95.10%,67.34%,28.22 million,-,904,2001,Punjab,north
Hindi,2.60%,65.10%,7.3 million,-,907,2001,Punjab,north
Dogri,1.00%,75.20%,2.98 million,-,928,2001,Punjab,north
Pahari,0.90%,70.40%,2.49 million,-,916,2001,Punjab,north
Urdu,0.40%,60.30%,1.25 million,-,884,2001,Punjab,north
Punjabi,95.30%,58.74%,25.7 million,-,903,1991,Punjab,north
Hindi,2.40%,65.10%,6.84 million,-,907,1991,Punjab,north
Dogri,1.00%,75.20%,2.7 million,-,928,1991,Punjab,north
Pahari,0.80%,70.40%,2.19 million,-,916,1991,Punjab,north
Urdu,0.30%,60.30%,0.86 million,-,884,1991,Punjab,north
Punjabi,95.40%,50.32%,22.98 million,-,901,1981,Punjab,north
Hindi,2.30%,65.10%,5.82 million,-,907,1981,Punjab,north
Dogri,1.10%,75.20%,2.55 million,-,928,1981,Punjab,north
Pahari,0.90%,70.40%,2.07 million,-,916,1981,Punjab,north
Urdu,0.20%,60.30%,0.54 million,-,884,1981,Punjab,north
Punjabi,95.50%,40.22%,19.96 million,-,899,1971,Punjab,north
Hindi,2.20%,65.10%,5.47 million,-,907,1971,Punjab,north
Dogri,1.20%,75.20%,2.87 million,-,928,1971,Punjab,north
Pahari,1.00%,70.40%,2.41 million,-,916,1971,Punjab,north
Urdu,0.10%,60.30%,0.39 million,-,884,1971,Punjab,north
Punjabi,95.60%,35.22%,17.14 million,-,897,1961,Punjab,north
Hindi,2.10%,65.10%,5.11 million,-,907,1961,Punjab,north
Dogri,1.20%,75.20%,2.76 million,-,928,1961,Punjab,north
Pahari,1.00%,70.40%,2.32 million,-,916,1961,Punjab,north
Urdu,0.10%,60.30%,0.34 million,-,884,1961,Punjab,north
Punjabi,95.40%,27.90%,-,-,-,1951,Punjab,north
Hindi,2.30%,24.70%,-,-,-,1951,Punjab,north
Dogri,1.10%,32.50%,-,-,-,1951,Punjab,north
Pahari,0.90%,29.20%,-,-,-,1951,Punjab,north
Urdu,0.50%,20.70%,-,-,-,1951,Punjab,north
Hindi,90.87%,76.67%,16.62 million,32.40%,968,2021,Himachal,north
Himachali,7.79%,72.07%,1.39 million,28.70%,956,2021,Himachal,north
Punjabi,0.68%,75.53%,0.12 million,31.80%,945,2021,Himachal,north
Urdu,0.32%,68.23%,0.06 million,26.10%,932,2021,Himachal,north
Tibetan,0.23%,70.12%,0.04 million,27.30%,948,2021,Himachal,north
Nepali,0.18%,69.87%,0.03 million,26.80%,943,2021,Himachal,north
Hindi,90.87%,76.67%,16.62 million,32.40%,968,2011,Himachal,north
Himachali,7.79%,72.07%,1.39 million,28.70%,956,2011,Himachal,north
Punjabi,0.68%,75.53%,0.12 million,31.80%,945,2011,Himachal,north
Urdu,0.32%,68.23%,0.06 million,26.10%,932,2011,Himachal,north
Tibetan,0.23%,70.12%,0.04 million,27.30%,948,2011,Himachal,north
Nepali,0.18%,69.87%,0.03 million,26.80%,943,2011,Himachal,north
Hindi,89.84%,72.82%,15.07 million,-,964,2001,Himachal,north
Himachali,8.65%,68.77%,1.35 million,-,953,2001,Himachal,north
Punjabi,0.75%,73.83%,0.11 million,-,942,2001,Himachal,north
Urdu,0.35%,65.73%,0.06 million,-,929,2001,Himachal,north
Tibetan,0.24%,70.22%,0.04 million,-,949,2001,Himachal,north
Nepali,0.19%,69.77%,0.03 million,-,944,2001,Himachal,north
Hindi,90.20%,-,-,-,-,1991,Himachal,north
Himachali,7.80%,-,-,-,-,1991,Himachal,north
Punjabi,0.80%,-,-,-,-,1991,Himachal,north
Urdu,0.40%,-,-,-,-,1991,Himachal,north
Tibetan,0.20%,-,-,-,-,1991,Himachal,north
Nepali,0.20%,-,-,-,-,1991,Himachal,north
Garhwali,0.20%,-,-,-,-,1991,Himachal,north
Pahari,0.10%,-,-,-,-,1991,Himachal,north
Kinnauri,0.10%,-,-,-,-,1991,Himachal,north
Hindi,89.60%,-,-,-,-,1981,Himachal,north
Himachali,8.40%,-,-,-,-,1981,Himachal,north
Punjabi,0.90%,-,-,-,-,1981,Himachal,north
Urdu,0.50%,-,-,-,-,1981,Himachal,north
Tibetan,0.20%,-,-,-,-,1981,Himachal,north
Nepali,0.20%,-,-,-,-,1981,Himachal,north
Garhwali,0.20%,-,-,-,-,1981,Himachal,north
Pahari,0.10%,-,-,-,-,1981,Himachal,north
Kinnauri,0.10%,-,-,-,-,1981,Himachal,north
Kashmiri,53.60%,73.20%,"6,888,631",18.20%,940,2021,Jammu and Kashmir,north
Dogri,26.70%,70.20%,"3,550,529",15.70%,933,2021,Jammu and Kashmir,north
Pahari,12.30%,65.30%,"1,617,391",12.40%,926,2021,Jammu and Kashmir,north
Ladakhi,5.60%,60.40%,"741,468",10.20%,920,2021,Jammu and Kashmir,north
Balti,1.80%,55.50%,"237,450",8.90%,914,2021,Jammu and Kashmir,north
Others,-,-,-,-,-,2021,Jammu and Kashmir,north
Kashmiri,55.40%,74.70%,"6,801,068",-,944,2011,Jammu and Kashmir,north
Dogri,26.30%,69.70%,"3,485,548",-,935,2011,Jammu and Kashmir,north
Pahari,12.20%,64.80%,"1,577,556",-,928,2011,Jammu and Kashmir,north
Ladakhi,5.50%,59.90%,"731,014",-,922,2011,Jammu and Kashmir,north
Balti,1.80%,54.90%,"235,497",-,916,2011,Jammu and Kashmir,north
Others,-,-,-,-,-,2011,Jammu and Kashmir,north
Kashmiri,54.20%,72.60%,"6,794,199",-,942,2001,Jammu and Kashmir,north
Dogri,26.10%,68.70%,"3,464,025",-,933,2001,Jammu and Kashmir,north
Pahari,12.10%,64.30%,"1,559,750",-,926,2001,Jammu and Kashmir,north
Ladakhi,5.40%,59.40%,"718,433",-,920,2001,Jammu and Kashmir,north
Balti,1.70%,54.40%,"234,029",-,914,2001,Jammu and Kashmir,north
Others,-,-,-,-,-,2001,Jammu and Kashmir,north
Kashmiri,53.80%,71.90%,"6,767,635",-,940,1991,Jammu and Kashmir,north
Dogri,26.00%,67.90%,"3,445,117",-,932,1991,Jammu and Kashmir,north
Pahari,11.90%,63.70%,"1,547,675",-,925,1991,Jammu and Kashmir,north
Ladakhi,5.30%,58.80%,"712,127",-,919,1991,Jammu and Kashmir,north
Balti,1.70%,53.90%,"232,030",-,913,1991,Jammu and Kashmir,north
Others,-,-,-,-,-,1991,Jammu and Kashmir,north
Kashmiri,53.40%,69.80%,"6,597,071",-,938,1981,Jammu and Kashmir,north
Dogri,25.70%,66.70%,"3,395,345",-,930,1981,Jammu and Kashmir,north
Pahari,11.80%,62.50%,"1,527,248",-,923,1981,Jammu and Kashmir,north
Ladakhi,5.20%,57.70%,"698,491",-,917,1981,Jammu and Kashmir,north
Balti,1.70%,52.90%,"228,847",-,911,1981,Jammu and Kashmir,north
Others,-,-,-,-,-,1981,Jammu and Kashmir,north
Kashmiri,53.00%,67.80%,"6,424,068",-,936,1971,Jammu and Kashmir,north
Dogri,25.50%,65.50%,"3,350,321",-,928,1971,Jammu and Kashmir,north
Pahari,11.70%,61.30%,"1,506,838",-,921,1971,Jammu and Kashmir,north
Ladakhi,5.10%,56.60%,"686,592",-,915,1971,Jammu and Kashmir,north
Balti,1.70%,51.90%,"226,085",-,909,1971,Jammu and Kashmir,north
Others,-,-,-,-,-,1971,Jammu and Kashmir,north
Kashmiri,52.60%,65.80%,"6,254,276",-,934,1961,Jammu and Kashmir,north
Dogri,25.20%,64.40%,"3,299,602",-,926,1961,Jammu and Kashmir,north
Pahari,11.60%,59.30%,"1,487,336",-,919,1961,Jammu and Kashmir,north
Ladakhi,5.00%,55.60%,"676,175",-,913,1961,Jammu and Kashmir,north
Balti,1.60%,50.90%,"223,347",-,907,1961,Jammu and Kashmir,north
Others,-,-,-,-,-,1961,Jammu and Kashmir,north
Kashmiri,52.20%,63.80%,"6,087,891",-,932,1951,Jammu and Kashmir,north
Dogri,24.90%,62.90%,"3,253,815",-,924,1951,Jammu and Kashmir,north
Pahari,11.50%,58.20%,"1,467,811",-,917,1951,Jammu and Kashmir,north
Ladakhi,4.90%,54.50%,"666,017",-,911,1951,Jammu and Kashmir,north
Balti,1.50%,50.00%,"220,746",-,905,1951,Jammu and Kashmir,north
Others,-,-,-,-,-,1951,Jammu and Kashmir,north
Odia,93.60%,62.70%,"3,38,36,572",20%,973,2021,Odisha,East
Santali,2.40%,57.30%,"8,14,430",15%,974,2021,Odisha,East
Ho,1.40%,55.10%,"4,74,248",12%,975,2021,Odisha,East
Mundari,1.20%,53.90%,"3,95,589",10%,976,2021,Odisha,East
Bhumij,0.80%,52.70%,"2,67,711",8%,977,2021,Odisha,East
Odia,93.20%,59.30%,"3,21,37,823",-,-,2011,Odisha,East
Santali,2.50%,54.80%,"8,06,107",-,-,2011,Odisha,East
Ho,1.50%,53.70%,"4,69,421",-,-,2011,Odisha,East
Mundari,1.30%,52.50%,"4,07,977",-,-,2011,Odisha,East
Bhumij,0.80%,51.30%,"2,62,399",-,-,2011,Odisha,East
Odia,92.80%,56.80%,"3,03,38,928",-,-,2001,Odisha,East
Santali,2.50%,52.40%,"7,97,776",-,-,2001,Odisha,East
Ho,1.60%,51.90%,"4,64,132",-,-,2001,Odisha,East
Mundari,1.30%,50.70%,"3,98,964",-,-,2001,Odisha,East
Bhumij,0.80%,49.50%,"2,57,714",-,-,2001,Odisha,East
Odia,92.30%,54.20%,"2,85,52,245",-,-,1991,Odisha,East
Santali,2.60%,50.10%,"7,89,342",-,-,1991,Odisha,East
Ho,1.70%,50.60%,"4,58,849",-,-,1991,Odisha,East
Mundari,1.40%,49.90%,"3,90,951",-,-,1991,Odisha,East
Bhumij,0.90%,48.70%,"2,53,035",-,-,1991,Odisha,East
Odia,91.90%,52.00%,"2,67,66,042",-,-,1981,Odisha,East
Santali,2.70%,47.80%,"7,80,908",-,-,1981,Odisha,East
Ho,1.70%,48.30%,"4,53,566",-,-,1981,Odisha,East
Mundari,1.50%,48.70%,"3,83,938",-,-,1981,Odisha,East
Bhumij,1.00%,47.50%,"2,50,352",-,-,1981,Odisha,East
Odia,91.50%,49.80%,"2,49,80,846",-,-,1971,Odisha,East
Santali,2.80%,45.50%,"7,72,474",-,-,1971,Odisha,East
Ho,1.80%,46.90%,"4,48,283",-,-,1971,Odisha,East
Mundari,1.60%,47.30%,"3,77,925",-,-,1971,Odisha,East
Bhumij,1.10%,46.10%,"2,47,669",-,-,1971,Odisha,East
Odia,91.10%,47.60%,"2,31,99,618",-,-,1961,Odisha,East
Santali,3.00%,43.20%,"7,64,040",-,-,1961,Odisha,East
Ho,1.90%,45.60%,"4,42,999",-,-,1961,Odisha,East
Mundari,1.70%,46.10%,"3,71,911",-,-,1961,Odisha,East
Bhumij,1.20%,44.90%,"2,44,967",-,-,1961,Odisha,East
Odia,90.70%,45.40%,"2,14,18,210",-,-,1951,Odisha,East
Santali,3.10%,40.90%,"7,55,606",-,-,1951,Odisha,East
Ho,2.00%,44.10%,"4,37,715",-,-,1951,Odisha,East
Mundari,1.80%,44.90%,"3,65,899",-,-,1951,Odisha,East
Bhumij,1.30%,43.70%,"2,42,260",-,-,1951,Odisha,East
Bengali,97.60%,76.96%,80.2 million,26.30%,946,2021,West Bengal,East
Santali,1.60%,67.92%,1.2 million,-,-,2021,West Bengal,East
Kurukh,0.80%,62.98%,"600,000",-,-,2021,West Bengal,East
Mundari,0.60%,59.29%,"450,000",-,-,2021,West Bengal,East
Oraon,0.40%,57.53%,"300,000",-,-,2021,West Bengal,East
Nepali,0.30%,55.79%,"200,000",-,-,2021,West Bengal,East
Rajbanshi,0.30%,53.92%,"200,000",-,-,2021,West Bengal,East
Ho,0.20%,52.07%,"150,000",-,-,2021,West Bengal,East
Bhumij,0.10%,50.14%,"100,000",-,-,2021,West Bengal,East
Lepcha,0.10%,48.19%,"100,000",-,-,2021,West Bengal,East
Other,0.10%,44.80%,"100,000",-,-,2021,West Bengal,East
engali,97.40%,72.13%,78.7 million,-,953,2011,West Bengal,East
Santali,1.70%,64.56%,1.3 million,-,-,2011,West Bengal,East
Kurukh,0.90%,60.12%,"700,000",-,-,2011,West Bengal,East
Mundari,0.70%,56.65%,"530,000",-,-,2011,West Bengal,East
Oraon,0.50%,54.86%,"400,000",-,-,2011,West Bengal,East
Nepali,0.40%,52.98%,"250,000",-,-,2011,West Bengal,East
Rajbanshi,0.40%,51.15%,"250,000",-,-,2011,West Bengal,East
Ho,0.30%,49.24%,"200,000",-,-,2011,West Bengal,East
Bhumij,0.20%,47.33%,"150,000",-,-,2011,West Bengal,East
Lepcha,0.20%,45.41%,"150,000",-,-,2011,West Bengal,East
Other,0.20%,42.17%,"150,000",-,-,2011,West Bengal,East
Bengali,97.20%,67.23%,77.1 million,-,961,2001,West Bengal,East
Santali,1.80%,58.96%,1.4 million,-,-,2001,West Bengal,East
Kurukh,1.00%,56.27%,"800,000",-,-,2001,West Bengal,East
Mundari,0.80%,53.69%,"600,000",-,-,2001,West Bengal,East
Oraon,0.60%,51.92%,"500,000",-,-,2001,West Bengal,East
Nepali,0.50%,50.08%,"400,000",-,-,2001,West Bengal,East
Rajbanshi,0.50%,48.25%,"400,000",-,-,2001,West Bengal,East
Ho,0.40%,46.34%,"300,000",-,-,2001,West Bengal,East
Bhumij,0.30%,44.43%,"250,000",-,-,2001,West Bengal,East
Lepcha,0.30%,42.51%,"250,000",-,-,2001,West Bengal,East
Other,0.30%,39.81%,"250,000",-,-,2001,West Bengal,East
Bengali,97.00%,62.33%,75.5 million,-,970,1991,West Bengal,East
Santali,2.00%,53.36%,1.5 million,-,-,1991,West Bengal,East
Kurukh,1.10%,51.57%,"900,000",-,-,1991,West Bengal,East
Mundari,0.90%,50.09%,"700,000",-,-,1991,West Bengal,East
Oraon,0.70%,48.62%,"550,000",-,-,1991,West Bengal,East
Nepali,0.60%,46.98%,"450,000",-,-,1991,West Bengal,East
Rajbanshi,0.60%,45.35%,"450,000",-,-,1991,West Bengal,East
Ho,0.50%,43.64%,"350,000",-,-,1991,West Bengal,East
Bhumij,0.40%,41.93%,"300,000",-,-,1991,West Bengal,East
Lepcha,0.40%,40.21%,"300,000",-,-,1991,West Bengal,East
Other,0.40%,37.61%,"300,000",-,-,1991,West Bengal,East
Bengali,96.80%,57.43%,73.9 million,-,980,1981,West Bengal,East
Santali,2.20%,48.76%,1.6 million,-,-,1981,West Bengal,East
Kurukh,1.20%,47.07%,"950,000",-,-,1981,West Bengal,East
Mundari,1.00%,45.59%,"750,000",-,-,1981,West Bengal,East
Oraon,0.80%,44.12%,"600,000",-,-,1981,West Bengal,East
Nepali,0.70%,42.48%,"500,000",-,-,1981,West Bengal,East
Rajbanshi,0.70%,40.85%,"500,000",-,-,1981,West Bengal,East
Ho,0.60%,39.14%,"400,000",-,-,1981,West Bengal,East
Bhumij,0.50%,37.43%,"350,000",-,-,1981,West Bengal,East
Lepcha,0.50%,35.71%,"350,000",-,-,1981,West Bengal,East
Other,0.50%,32.81%,"350,000",-,-,1981,West Bengal,East
Bengali,96.60%,52.53%,72.3 million,-,990,1971,West Bengal,East
Santali,2.40%,44.16%,1.7 million,-,-,1971,West Bengal,East
Kurukh,1.30%,43.47%,1 million,-,-,1971,West Bengal,East
Mundari,1.10%,42.79%,"850,000",-,-,1971,West Bengal,East
Oraon,0.90%,41.12%,"650,000",-,-,1971,West Bengal,East
Nepali,0.80%,39.48%,"600,000",-,-,1971,West Bengal,East
Rajbanshi,0.80%,37.85%,"600,000",-,-,1971,West Bengal,East
Ho,0.70%,36.14%,"500,000",-,-,1971,West Bengal,East
Bhumij,0.60%,34.43%,"450,000",-,-,1971,West Bengal,East
Lepcha,0.60%,32.71%,"450,000",-,-,1971,West Bengal,East
Other,0.60%,29.81%,"450,000",-,-,1971,West Bengal,East
Bengali,96.40%,48.63%,70.7 million,-,1000,1961,West Bengal,East
Santali,2.60%,40.36%,1.8 million,-,-,1961,West Bengal,East
Kurukh,1.40%,39.77%,1.1 million,-,-,1961,West Bengal,East
Mundari,1.20%,39.19%,"900,000",-,-,1961,West Bengal,East
Oraon,1.00%,38.62%,"700,000",-,-,1961,West Bengal,East
Nepali,0.90%,37.98%,"650,000",-,-,1961,West Bengal,East
Rajbanshi,0.90%,36.35%,"650,000",-,-,1961,West Bengal,East
Ho,0.80%,34.64%,"550,000",-,-,1961,West Bengal,East
Bhumij,0.70%,32.93%,"500,000",-,-,1961,West Bengal,East
Lepcha,0.70%,31.21%,"500,000",-,-,1961,West Bengal,East
Other,0.70%,28.61%,"500,000",-,-,1961,West Bengal,East
Bengali,96.20%,44.73%,"600,000",-,1010,1951,West Bengal,East
Santali,2.80%,36.56%,"800,000",-,-,1951,West Bengal,East
Kurukh,1.50%,35.97%,"750,000",-,-,1951,West Bengal,East
Mundari,1.30%,35.39%,"950,000",-,-,1951,West Bengal,East
Oraon,1.10%,34.82%,"750,000",-,-,1951,West Bengal,East
Nepali,1.00%,34.18%,"700,000",-,-,1951,West Bengal,East
Rajbanshi,1.00%,33.55%,"700,000",-,-,1951,West Bengal,East
Ho,0.90%,32.84%,"600,000",-,-,1951,West Bengal,East
Bhumij,0.80%,31.13%,"550,000",-,-,1951,West Bengal,East
Lepcha,0.80%,29.41%,"550,000",-,-,1951,West Bengal,East
Other,0.90%,26.81%,"600,000",-,-,1951,West Bengal,East
Hindi,75.30%,70.30%,"20,512,426",-,961,2011,Chhattisgarh,Central
Chhattisgarhi,10.90%,77.10%,"2,953,370",-,969,2011,Chhattisgarh,Central
Gondi,4.10%,66.70%,"1,116,022",-,973,2011,Chhattisgarh,Central
Halbi,3.10%,69.40%,"840,752",-,974,2011,Chhattisgarh,Central
Oriya,1.80%,79.50%,"493,101",-,969,2011,Chhattisgarh,Central
Kurukh,1.70%,68.20%,"467,018",-,977,2011,Chhattisgarh,Central
Marathi,1.30%,79.90%,"355,355",-,979,2011,Chhattisgarh,Central
Sadri,1.10%,67.00%,"309,248",-,977,2011,Chhattisgarh,Central
Punjabi,0.70%,76.50%,"193,788",-,985,2011,Chhattisgarh,Central
Urdu,0.60%,68.20%,"163,177",-,963,2011,Chhattisgarh,Central
Hindi,73.60%,64.70%,"18,193,758",-,959,2001,Chhattisgarh,Central
Chhattisgarhi,11.40%,71.40%,"2,606,560",-,969,2001,Chhattisgarh,Central
Gondi,4.60%,59.70%,"1,044,174",-,972,2001,Chhattisgarh,Central
Halbi,3.30%,63.40%,"756,523",-,973,2001,Chhattisgarh,Central
Oriya,1.90%,75.70%,"441,480",-,970,2001,Chhattisgarh,Central
Kurukh,1.70%,61.20%,"389,495",-,975,2001,Chhattisgarh,Central
Marathi,1.30%,77.10%,"294,390",-,979,2001,Chhattisgarh,Central
Sadri,1.10%,58.80%,"244,869",-,975,2001,Chhattisgarh,Central
Punjabi,0.70%,71.90%,"164,180",-,985,2001,Chhattisgarh,Central
Urdu,0.60%,60.90%,"143,664",-,961,2001,Chhattisgarh,Central
Hindi,72.10%,59.20%,"13,423,183",-,958,1991,Chhattisgarh,Central
Chhattisgarhi,10.50%,65.90%,"1,636,897",-,968,1991,Chhattisgarh,Central
Gondi,4.40%,48.70%,"664,245",-,969,1991,Chhattisgarh,Central
Halbi,3.50%,54.40%,"510,915",-,972,1991,Chhattisgarh,Central
Oriya,1.80%,70.70%,"273,551",-,969,1991,Chhattisgarh,Central
Kurukh,1.70%,52.20%,"263,998",-,974,1991,Chhattisgarh,Central
Marathi,1.20%,71.10%,"187,994",-,977,1991,Chhattisgarh,Central
Sadri,1.00%,49.80%,"159,422",-,974,1991,Chhattisgarh,Central
Punjabi,0.80%,63.90%,"120,479",-,981,1991,Chhattisgarh,Central
Urdu,0.60%,53.90%,"92,385",-,962,1991,Chhattisgarh,Central
Hindi,70.90%,49.20%,"11,015,605",-,957,1981,Chhattisgarh,Central
Chhattisgarhi,10.20%,59.90%,"1,583,208",-,967,1981,Chhattisgarh,Central
Gondi,4.60%,39.70%,"719,795",-,968,1981,Chhattisgarh,Central
Halbi,3.60%,45.40%,"559,387",-,971,1981,Chhattisgarh,Central
Oriya,1.90%,62.70%,"288,967",-,969,1981,Chhattisgarh,Central
Kurukh,1.70%,42.20%,"261,056",-,973,1981,Chhattisgarh,Central
Marathi,1.30%,63.10%,"202,867",-,976,1981,Chhattisgarh,Central
Sadri,1.00%,40.80%,"153,585",-,973,1981,Chhattisgarh,Central
Punjabi,0.80%,58.90%,"123,554",-,979,1981,Chhattisgarh,Central
Urdu,0.60%,49.90%,"90,120",-,961,1981,Chhattisgarh,Central
Hindi,68.90%,39.20%,"8,915,605",-,956,1971,Chhattisgarh,Central
Chhattisgarhi,9.70%,49.90%,"1,518,208",-,966,1971,Chhattisgarh,Central
Gondi,4.30%,29.70%,"679,795",-,967,1971,Chhattisgarh,Central
Halbi,3.50%,35.40%,"539,387",-,970,1971,Chhattisgarh,Central
Oriya,1.80%,52.70%,"288,967",-,968,1971,Chhattisgarh,Central
Kurukh,1.70%,32.20%,"261,056",-,972,1971,Chhattisgarh,Central
Marathi,1.20%,53.10%,"202,867",-,975,1971,Chhattisgarh,Central
Sadri,1.00%,20.80%,"153,585",-,972,1971,Chhattisgarh,Central
Punjabi,0.80%,48.90%,"123,554",-,978,1971,Chhattisgarh,Central
Urdu,0.60%,39.90%,"90,120",-,960,1971,Chhattisgarh,Central
Hindi,66.90%,29.20%,"7,915,605",-,955,1961,Chhattisgarh,Central
Chhattisgarhi,9.30%,39.90%,"1,418,208",-,965,1961,Chhattisgarh,Central
Gondi,4.00%,19.70%,"639,795",-,966,1961,Chhattisgarh,Central
Halbi,3.30%,25.40%,"519,387",-,969,1961,Chhattisgarh,Central
Oriya,1.70%,42.70%,"268,967",-,967,1961,Chhattisgarh,Central
Kurukh,1.60%,22.20%,"241,056",-,971,1961,Chhattisgarh,Central
Marathi,1.10%,43.10%,"182,867",-,974,1961,Chhattisgarh,Central
Sadri,1.00%,10.80%,"143,585",-,971,1961,Chhattisgarh,Central
Punjabi,0.80%,38.90%,"113,554",-,977,1961,Chhattisgarh,Central
Urdu,0.60%,29.90%,"80,120",-,959,1961,Chhattisgarh,Central
Hindi,64.90%,19.20%,"6,915,605",-,-,1951,Chhattisgarh,Central
Chhattisgarhi,8.90%,29.90%,"1,318,208",-,-,1951,Chhattisgarh,Central
Gondi,3.70%,11.70%,"579,795",-,-,1951,Chhattisgarh,Central
Halbi,3.10%,16.40%,"499,387",-,-,1951,Chhattisgarh,Central
Oriya,1.60%,33.70%,"248,967",-,-,1951,Chhattisgarh,Central
Kurukh,1.50%,16.20%,"221,056",-,-,1951,Chhattisgarh,Central
Marathi,1.00%,33.10%,"162,867",-,-,1951,Chhattisgarh,Central
Sadri,0.90%,8.80%,"133,585",-,-,1951,Chhattisgarh,Central
Punjabi,0.70%,28.90%,"103,554",-,-,1951,Chhattisgarh,Central
Urdu,0.60%,23.90%,"70,120",-,-,1951,Chhattisgarh,Central
Hindi,89.65%,69.38%,"80,209,117",-,933,2011,Madhya Pradesh,Central
Bhili,5.19%,50.19%,"4,186,950",-,945,2011,Madhya Pradesh,Central
Gondi,2.42%,47.87%,"1,940,734",-,981,2011,Madhya Pradesh,Central
Bundelkhandi,1.31%,64.31%,"1,052,688",-,937,2011,Madhya Pradesh,Central
Malvi,0.95%,60.95%,"765,715",-,929,2011,Madhya Pradesh,Central
Other,0.48%,38.48%,"384,772",-,911,2011,Madhya Pradesh,Central
Hindi,89.38%,65.38%,"68,862,351",-,-,2001,Madhya Pradesh,Central
Bhili,5.25%,47.25%,"4,234,906",-,-,2001,Madhya Pradesh,Central
Gondi,2.48%,45.48%,"2,023,104",-,-,2001,Madhya Pradesh,Central
Bundelkhandi,1.33%,62.33%,"1,076,953",-,-,2001,Madhya Pradesh,Central
Malvi,0.93%,58.93%,"747,652",-,-,2001,Madhya Pradesh,Central
Other,0.65%,36.65%,"536,384",-,-,2001,Madhya Pradesh,Central
Hindi,87.54%,54.54%,"56,769,972",-,921,1991,Madhya Pradesh,Central
Bhili,5.05%,38.05%,"3,270,166",-,947,1991,Madhya Pradesh,Central
Gondi,2.47%,35.47%,"1,621,907",-,974,1991,Madhya Pradesh,Central
Bundelkhandi,1.28%,53.28%,"833,394",-,935,1991,Madhya Pradesh,Central
Malvi,0.92%,49.92%,"599,607",-,928,1991,Madhya Pradesh,Central
Other,2.74%,26.74%,"1,785,066",-,913,1991,Madhya Pradesh,Central
Hindi,86.75%,43.75%,"44,332,601",,917,1981,Madhya Pradesh,Central
Bhili,5.10%,32.10%,"2,246,556",,943,1981,Madhya Pradesh,Central
Gondi,2.45%,30.45%,"1,079,210",,971,1981,Madhya Pradesh,Central
Bundelkhandi,1.29%,42.29%,"572,189",,933,1981,Madhya Pradesh,Central
Malvi,0.91%,38.91%,"403,741",,927,1981,Madhya Pradesh,Central
Other,3.50%,25.50%,"1,549,155",,911,1981,Madhya Pradesh,Central
Hindi,86.12%,35.12%,"34,157,857",,915,1971,Madhya Pradesh,Central
Bhili,5.08%,29.08%,"1,737,811",,941,1971,Madhya Pradesh,Central
Gondi,2.43%,27.43%,"837,837",,969,1971,Madhya Pradesh,Central
Bundelkhandi,1.28%,39.28%,"441,441",,931,1971,Madhya Pradesh,Central
Malvi,0.90%,36.90%,"310,505",,925,1971,Madhya Pradesh,Central
Other,4.19%,24.19%,"1,435,606",,909,1971,Madhya Pradesh,Central
Hindi,85.49%,28.49%,"26,989,857",,912,1961,Madhya Pradesh,Central
Bhili,5.06%,22.06%,"1,372,240",,939,1961,Madhya Pradesh,Central
Gondi,2.41%,20.41%,"649,208",,967,1961,Madhya Pradesh,Central
Bundelkhandi,1.27%,31.27%,"347,794",,929,1961,Madhya Pradesh,Central
Malvi,0.88%,28.88%,"237,641",,923,1961,Madhya Pradesh,Central
Other,4.89%,21.89%,"1,322,120",,907,1961,Madhya Pradesh,Central
Hindi,84.86%,21.86%,"20,256,789",,909,1951,Madhya Pradesh,Central
Bhili,5.04%,17.04%,"1,027,874",,937,1951,Madhya Pradesh,Central
Gondi,2.39%,15.39%,"485,804",,965,1951,Madhya Pradesh,Central
Bundelkhandi,1.26%,27.26%,"257,412",,927,1951,Madhya Pradesh,Central
Malvi,0.87%,25.87%,"177,184",,921,1951,Madhya Pradesh,Central
Other,5.62%,18.62%,"1,153,727",,905,1951,Madhya Pradesh,Central
Marathi,62.50%,82.91%,"92,360,000",35.00%,931,2021,Maharastra,West
Hindi,20.00%,72.57%,"55,200,000",25.00%,923,2021,Maharastra,West
Urdu,5.00%,59.22%,"13,800,000",15.00%,915,2021,Maharastra,West
Gujarati,2.50%,78.39%,"6,900,000",30.00%,939,2021,Maharastra,West
Other,10.00%,75.00%,"27,600,000",20.00%,927,2021,Maharastra,West
Marathi,64.90%,81.36%,"96,755,285",-,914,2011,Maharastra,West
Hindi,19.30%,71.93%,"58,268,186",-,923,2011,Maharastra,West
Urdu,4.10%,57.04%,"12,320,654",-,915,2011,Maharastra,West
Gujarati,2.70%,77.02%,"8,126,664",-,939,2011,Maharastra,West
Other,9.00%,74.76%,"27,292,853",-,927,2011,Maharastra,West
Marathi,66.90%,79.37%,"90,233,742",-,911,2001,Maharastra,West
Hindi,18.10%,70.42%,"55,018,176",-,922,2001,Maharastra,West
Urdu,3.90%,55.44%,"11,539,587",-,914,2001,Maharastra,West
Gujarati,2.50%,75.92%,"7,525,971",-,938,2001,Maharastra,West
Other,8.60%,73.98%,"26,006,256",-,926,2001,Maharastra,West
Marathi,71.80%,73.87%,"79,885,058",-,919,1991,Maharastra,West
Hindi,16.40%,62.57%,"48,098,186",-,923,1991,Maharastra,West
Urdu,4.00%,50.04%,"11,810,654",-,913,1991,Maharastra,West
Gujarati,2.30%,72.51%,"6,831,971",-,937,1991,Maharastra,West
Other,5.50%,69.98%,"16,068,256",-,925,1991,Maharastra,West
Marathi,74.80%,67.87%,"72,360,000",-,917,1981,Maharastra,West
Hindi,15.40%,55.57%,"44,268,186",-,921,1981,Maharastra,West
Urdu,3.80%,47.04%,"11,139,587",-,912,1981,Maharastra,West
Gujarati,2.10%,68.51%,"6,126,664",-,936,1981,Maharastra,West
Other,4.90%,66.98%,"14,292,853",-,924,1981,Maharastra,West
Marathi,77.00%,62.87%,"65,360,000",-,915,1971,Maharastra,West
Hindi,14.40%,49.57%,"41,268,186",-,919,1971,Maharastra,West
Urdu,3.70%,41.04%,"10,539,587",-,910,1971,Maharastra,West
Gujarati,1.90%,63.51%,"5,726,664",-,934,1971,Maharastra,West
Other,3.00%,61.98%,"8,792,853",-,922,1971,Maharastra,West
Marathi,78.80%,57.87%,"58,360,000",-,913,1961,Maharastra,West
Hindi,13.40%,43.57%,"37,268,186",-,917,1961,Maharastra,West
Urdu,3.60%,37.04%,"9,939,587",-,908,1961,Maharastra,West
Gujarati,1.70%,59.51%,"4,926,664",-,932,1961,Maharastra,West
Other,2.50%,56.98%,"7,192,853",-,920,1961,Maharastra,West
Marathi,80.70%,53.87%,"51,360,000",-,912,1951,Maharastra,West
Hindi,12.50%,39.57%,"33,268,186",-,916,1951,Maharastra,West
Urdu,3.50%,33.04%,"8,739,587",-,907,1951,Maharastra,West
Gujarati,1.50%,55.51%,"4,726,664",-,931,1951,Maharastra,West
Other,1.80%,52.98%,"5,892,853",-,919,1951,Maharastra,West
Konkani,74.80%,78.30%,"10,11,769",-,956,2021,Goa,West
Marathi,11.80%,88.80%,"1,42,225",-,963,2021,Goa,West
Kannada,6.30%,79.40%,"76,595",-,948,2021,Goa,West
Urdu,2.80%,72.10%,"33,911",-,976,2021,Goa,West
Hindi,2.60%,80.70%,"31,717",-,-,2021,Goa,West
Other languages,1.70%,-,"20,592",-,-,2021,Goa,West
Konkani,76.50%,77.10%,"9,95,553",-,954,2011,Goa,West
Marathi,11.40%,88.10%,"1,48,134",-,962,2011,Goa,West
Kannada,6.10%,78.40%,"79,179",-,947,2011,Goa,West
Urdu,2.60%,70.20%,"33,579",-,975,2011,Goa,West
Hindi,2.50%,79.80%,"32,892",-,978,2011,Goa,West
Other languages,0.90%,-,"11,319",-,-,2011,Goa,West
Konkani,78.30%,75.90%,"9,79,785",-,952,2001,Goa,West
Marathi,11.10%,87.30%,"1,41,645",-,961,2001,Goa,West
Kannada,5.80%,77.30%,"74,407",-,946,2001,Goa,West
Urdu,2.50%,68.30%,"32,293",-,974,2001,Goa,West
Hindi,2.40%,78.90%,"30,657",-,977,2001,Goa,West
Other languages,0.90%,-,"11,181",-,-,2001,Goa,West
Konkani,80.10%,74.70%,"9,63,978",-,950,1991,Goa,West
Marathi,10.80%,86.50%,"1,38,114",-,960,1991,Goa,West
Kannada,5.60%,76.20%,"71,134",-,945,1991,Goa,West
Urdu,2.40%,67.10%,"30,751",-,973,1991,Goa,West
Hindi,2.30%,77.80%,"29,437",-,976,1991,Goa,West
Other languages,0.80%,-,"10,504",-,-,1991,Goa,West
Konkani,81.70%,73.50%,"9,48,172",-,948,1981,Goa,West
Marathi,10.50%,85.70%,"1,33,201",-,959,1981,Goa,West
Kannada,5.40%,75.10%,"68,184",-,944,1981,Goa,West
Urdu,2.30%,66.00%,"29,104",-,972,1981,Goa,West
Hindi,2.20%,76.70%,"27,947",-,975,1981,Goa,West
Other languages,0.80%,-,"10,220",-,-,1981,Goa,West
Konkani,83.30%,72.30%,"9,32,366",-,946,1971,Goa,West
Marathi,10.20%,84.90%,"1,27,289",-,958,1971,Goa,West
Kannada,5.20%,74.00%,"65,204",-,943,1971,Goa,West
Urdu,2.20%,64.90%,"27,324",-,971,1971,Goa,West
Hindi,2.10%,75.60%,"26,037",-,974,1971,Goa,West
Other languages,0.80%,-,"10,010",-,-,1971,Goa,West
Konkani,85.00%,71.10%,"9,16,560",-,944,1961,Goa,West
Marathi,9.80%,83.10%,"1,23,377",-,957,1961,Goa,West
Kannada,5.00%,72.90%,"62,220",-,942,1961,Goa,West
Urdu,2.10%,63.80%,"26,043",-,970,1961,Goa,West
Hindi,2.00%,74.50%,"25,060",-,973,1961,Goa,West
Other languages,0.80%,-,"10,040",-,-,1961,Goa,West
Konkani,86.70%,70.00%,"9,00,756",-,942,1951,Goa,West
Marathi,9.40%,82.30%,"1,18,463",-,956,1951,Goa,West
Kannada,4.80%,71.80%,"60,234",-,941,1951,Goa,West
Urdu,2.00%,62.70%,"25,109",-,969,1951,Goa,West
Hindi,1.90%,73.60%,"23,994",-,972,1951,Goa,West
Other languages,0.80%,-,"10,000",-,-,1951,Goa,West
Hindi,80%,61.80%,"104,099,000",20.30%,914,2021,Bihar,East
Maithili,15%,59.50%,"16,303,000",-,-,2021,Bihar,East
Angika,2%,54.10%,"2,576,000",-,-,2021,Bihar,East
Bhojpuri,3%,52.30%,"3,864,000",-,-,2021,Bihar,East
Magadhi,0.50%,51.90%,"647,000",-,-,2021,Bihar,East
Hindi,80.20%,59.78%,"103,232,830",-,-,2011,Bihar,East
Maithili,15.20%,58.14%,"19,212,774",-,-,2011,Bihar,East
Angika,2.10%,53.23%,"2,645,108",-,-,2011,Bihar,East
Bhojpuri,2.50%,50.54%,"3,107,061",-,-,2011,Bihar,East
Magadhi,0.20%,50.08%,"192,837",-,-,2011,Bihar,East
Hindi,79.50%,53.78%,"91,688,709",-,-,2001,Bihar,East
Maithili,15.50%,52.14%,"19,000,000",-,-,2001,Bihar,East
Angika,2.20%,48.23%,"2,500,000",-,-,2001,Bihar,East
Bhojpuri,2.70%,46.54%,"3,000,000",-,-,2001,Bihar,East
Magadhi,0.20%,46.08%,"200,000",-,-,2001,Bihar,East
Hindi,78.50%,47.78%,"82,878,796",-,-,1991,Bihar,East
Maithili,16.50%,46.14%,"20,500,000",-,-,1991,Bihar,East
Angika,2.50%,43.23%,"2,750,000",-,-,1991,Bihar,East
Bhojpuri,3.20%,41.54%,"3,500,000",-,-,1991,Bihar,East
Magadhi,0.30%,41.08%,"350,000",-,-,1991,Bihar,East
Hindi,77.50%,43.78%,"74,582,038",-,-,1981,Bihar,East
Maithili,17.50%,42.14%,"21,291,014",-,-,1981,Bihar,East
Angika,3.00%,39.23%,"3,175,507",-,-,1981,Bihar,East
Bhojpuri,4.00%,37.54%,"4,301,518",-,-,1981,Bihar,East
Magadhi,0.40%,37.08%,"431,000",-,-,1981,Bihar,East
Hindi,76.50%,39.78%,"66,297,258",-,-,1971,Bihar,East
Maithili,18.50%,38.14%,"22,085,000",-,-,1971,Bihar,East
Angika,3.50%,35.23%,"3,855,507",-,-,1971,Bihar,East
Bhojpuri,5.00%,33.54%,"5,467,518",-,-,1971,Bihar,East
Magadhi,0.50%,33.08%,"538,750",-,-,1971,Bihar,East
Hindi,67.50%,29.78%,"48,993,341",-,-,1961,Bihar,East
Maithili,25.50%,28.14%,"18,045,000",-,-,1961,Bihar,East
Angika,3.00%,25.23%,"2,055,507",-,-,1961,Bihar,East
Bhojpuri,6.50%,23.54%,"4,917,518",-,-,1961,Bihar,East
Magadhi,1.50%,23.08%,"1,278,750",-,-,1961,Bihar,East
Hindi,62.50%,25.78%,"42,765,909",-,-,1951,Bihar,East
Maithili,27.50%,24.14%,"18,675,000",-,-,1951,Bihar,East
Angika,2.00%,21.23%,"1,355,507",-,-,1951,Bihar,East
Bhojpuri,7.50%,20.54%,"5,351,518",-,-,1951,Bihar,East
Magadhi,2.00%,20.08%,"1,339,000",-,-,1951,Bihar,East
Telugu,96.6,65.40%,56.3 million,-,991,2021,Andhra Pradesh,South
Urdu,2.5,45.80%,1.4 million,-,992,2021,Andhra Pradesh,South
Hindi,0.5,42.90%,0.3 million,-,985,2021,Andhra Pradesh,South
Tamil,0.3,73.70%,0.2 million,-,991,2021,Andhra Pradesh,South
Other,0.1,-,0.1 million,-,-,2021,Andhra Pradesh,South
Telugu,95.9,62.70%,55.6 million,-,993,2011,Andhra Pradesh,South
Urdu,2.4,43.60%,1.3 million,-,990,2011,Andhra Pradesh,South
Hindi,0.5,40.20%,0.3 million,-,986,2011,Andhra Pradesh,South
Tamil,0.3,71.60%,0.2 million,-,991,2011,Andhra Pradesh,South
Other,0.9,-,0.5 million,-,-,2011,Andhra Pradesh,South
Telugu,96.4,60.10%,54.9 million,-,995,2001,Andhra Pradesh,South
Urdu,2.3,41.60%,1.2 million,-,988,2001,Andhra Pradesh,South
Hindi,0.5,38.10%,0.3 million,-,983,2001,Andhra Pradesh,South
Tamil,0.3,69.40%,0.2 million,-,990,2001,Andhra Pradesh,South
Other,0.5,-,0.3 million,-,-,2001,Andhra Pradesh,South
Telugu,96.8,58.00%,54.3 million,-,997,1991,Andhra Pradesh,South
Urdu,2.2,39.90%,1.1 million,-,986,1991,Andhra Pradesh,South
Hindi,0.5,36.10%,0.2 million,-,981,1991,Andhra Pradesh,South
Tamil,0.3,67.20%,0.1 million,-,989,1991,Andhra Pradesh,South
Other,0.2,-,0.1 million,-,-,1991,Andhra Pradesh,South
Telugu,97.2,55.80%,53.7 million,-,998,1981,Andhra Pradesh,South
Urdu,2.1,38.20%,1.0 million,-,984,1981,Andhra Pradesh,South
Hindi,0.5,34.10%,0.2 million,-,980,1981,Andhra Pradesh,South
Tamil,0.3,65.00%,0.1 million,-,988,1981,Andhra Pradesh,South
Other,0.1,-,0.05 million,-,-,1981,Andhra Pradesh,South
Telugu,97.5,53.60%,53.0 million,-,999,1971,Andhra Pradesh,South
Urdu,2,36.50%,0.9 million,-,983,1971,Andhra Pradesh,South
Hindi,0.5,32.10%,0.2 million,-,979,1971,Andhra Pradesh,South
Tamil,0.3,62.80%,0.1 million,-,987,1971,Andhra Pradesh,South
Other,0.1,-,0.05 million,-,-,1971,Andhra Pradesh,South
Telugu,97.7,51.40%,52.3 million,-,999,1961,Andhra Pradesh,South
Urdu,1.9,34.80%,0.8 million,-,982,1961,Andhra Pradesh,South
Hindi,0.5,30.10%,0.2 million,-,978,1961,Andhra Pradesh,South
Tamil,0.3,60.60%,0.1 million,-,986,1961,Andhra Pradesh,South
Other,0.1,-,0.05 million,-,-,1961,Andhra Pradesh,South
Telugu,97.9,49.20%,51.6 million,-,998,1951,Andhra Pradesh,South
Urdu,1.8,33.10%,0.7 million,-,981,1951,Andhra Pradesh,South
Hindi,0.4,28.10%,0.2 million,-,977,1951,Andhra Pradesh,South
Tamil,0.3,58.40%,0.1 million,-,985,1951,Andhra Pradesh,South
Other,0.1,-,0.05 million,-,-,1951,Andhra Pradesh,South
Tamil,80.13%,78.41%,58.23 million,25.12%,947,2021,Tamil Nadu,South
Telugu,6.57%,72.47%,4.1 million,22.34%,972,2021,Tamil Nadu,South
Kannada,4.75%,69.34%,3 million,21.23%,965,2021,Tamil Nadu,South
Malayalam,2.26%,82.42%,1.4 million,26.45%,953,2021,Tamil Nadu,South
Urdu,1.12%,67.51%,0.7 million,20.12%,967,2021,Tamil Nadu,South
Others,4.97%,68.43%,3.1 million,23.21%,960,2021,Tamil Nadu,South
Tamil,82.99%,77.28%,55.64 million,-,955,2011,Tamil Nadu,South
Telugu,6.34%,70.56%,3.96 million,-,971,2011,Tamil Nadu,South
Kannada,4.52%,67.47%,2.83 million,-,964,2011,Tamil Nadu,South
Malayalam,2.15%,80.93%,1.35 million,-,952,2011,Tamil Nadu,South
Urdu,1.08%,66.01%,0.69 million,-,966,2011,Tamil Nadu,South
Others,4.90%,67.42%,3.1 million,-,960,2011,Tamil Nadu,South
Tamil,84.96%,75.69%,51.59 million,-,-,2001,Tamil Nadu,South
Telugu,6.14%,67.88%,3.16 million,-,-,2001,Tamil Nadu,South
Kannada,4.38%,65.45%,2.26 million,-,-,2001,Tamil Nadu,South
Malayalam,2.09%,79.42%,1.08 million,-,-,2001,Tamil Nadu,South
Urdu,1.02%,64.56%,0.54 million,-,-,2001,Tamil Nadu,South
Others,4.85%,66.30%,2.52 million,-,-,2001,Tamil Nadu,South
Tamil,84.96%,75.69%,51.59 million,-,950,1991,Tamil Nadu,South
Telugu,6.14%,67.88%,3.16 million,-,950,1991,Tamil Nadu,South
Kannada,4.38%,65.45%,2.26 million,-,950,1991,Tamil Nadu,South
Malayalam,2.09%,79.42%,1.08 million,-,950,1991,Tamil Nadu,South
Urdu,1.02%,64.56%,0.54 million,-,950,1991,Tamil Nadu,South
Others,4.85%,66.30%,2.52 million,-,950,1991,Tamil Nadu,South
Tamil,87.49%,69.59%,44.35 million,-,-,1981,Tamil Nadu,South
Telugu,6.05%,59.95%,2.61 million,-,-,1981,Tamil Nadu,South
Kannada,4.19%,57.91%,1.89 million,-,-,1981,Tamil Nadu,South
Malayalam,1.97%,75.72%,0.88 million,-,-,1981,Tamil Nadu,South
Urdu,0.95%,61.70%,0.43 million,-,-,1981,Tamil Nadu,South
Others,4.35%,60.30%,2.06 million,-,-,1981,Tamil Nadu,South
Tamil,88.07%,67.75%,40.42 million,-,-,1971,Tamil Nadu,South
Telugu,5.98%,58.23%,2.43 million,-,-,1971,Tamil Nadu,South
Kannada,4.09%,55.71%,1.66 million,-,-,1971,Tamil Nadu,South
Malayalam,1.92%,73.98%,0.78 million,-,-,1971,Tamil Nadu,South
Urdu,0.89%,59.85%,0.36 million,-,-,1971,Tamil Nadu,South
Others,4.05%,58.50%,1.64 million,-,-,1971,Tamil Nadu,South
Tamil,88.65%,64.36%,36.86 million,-,-,1961,Tamil Nadu,South
Telugu,5.93%,56.97%,2.40 million,-,-,1961,Tamil Nadu,South
Kannada,3.95%,53.55%,1.59 million,-,-,1961,Tamil Nadu,South
Malayalam,1.90%,72.34%,0.76 million,-,-,1961,Tamil Nadu,South
Urdu,0.84%,58.76%,0.33 million,-,-,1961,Tamil Nadu,South
Others,3.73%,56.10%,1.49 million,-,-,1961,Tamil Nadu,South
Tamil,89.31%,61.99%,33.71 million,-,-,1951,Tamil Nadu,South
Telugu,5.82%,55.74%,2.14 million,-,-,1951,Tamil Nadu,South
Kannada,3.85%,51.64%,1.47 million,-,-,1951,Tamil Nadu,South
Malayalam,1.86%,70.88%,0.70 million,-,-,1951,Tamil Nadu,South
Urdu,0.79%,57.84%,0.30 million,-,-,1951,Tamil Nadu,South
Others,3.27%,54.20%,1.22 million,-,-,1951,Tamil Nadu,South
Kannada,66.25%,83.97%,5.28 crores,30.12%,966,2021,Karnataka,South
Telugu,7.94%,79.06%,64.78 lakhs,25.78%,959,2021,Karnataka,South
Tamil,7.69%,80.98%,62.6 lakhs,24.87%,963,2021,Karnataka,South
Urdu,6.52%,77.94%,53.49 lakhs,23.12%,954,2021,Karnataka,South
Malayalam,5.67%,82.79%,46.34 lakhs,27.56%,971,2021,Karnataka,South
Konkani,3.78%,80.12%,30.98 lakhs,22.87%,958,2021,Karnataka,South
Tulu,2.79%,78.97%,22.79 lakhs,21.56%,960,2021,Karnataka,South
Beary,1.89%,77.84%,15.49 lakhs,20.12%,951,2021,Karnataka,South
Kodava,1.23%,76.79%,10.12 lakhs,18.87%,956,2021,Karnataka,South
Others,7.16%,78.97%,58.49 lakhs,24.56%,959,2021,Karnataka,South
Kannada,64.53%,79.64%,4.96 crores,-,961,2011,Karnataka,South
Telugu,8.23%,76.93%,66.54 lakhs,-,957,2011,Karnataka,South
Tamil,7.92%,79.87%,64.12 lakhs,-,962,2011,Karnataka,South
Urdu,6.83%,75.81%,54.98 lakhs,-,953,2011,Karnataka,South
Malayalam,6.07%,81.66%,48.92 lakhs,-,970,2011,Karnataka,South
Konkani,4.01%,78.91%,32.79 lakhs,-,956,2011,Karnataka,South
Tulu,2.91%,77.84%,23.98 lakhs,-,959,2011,Karnataka,South
Beary,1.97%,76.71%,16.12 lakhs,-,952,2011,Karnataka,South
Kodava,1.29%,75.66%,10.64 lakhs,-,955,2011,Karnataka,South
Others,7.57%,77.81%,61.23 lakhs,-,957,2011,Karnataka,South
Kannada,62.82%,75.34%,4.63 crores,-,959,2001,Karnataka,South
Telugu,9.03%,74.81%,72.34 lakhs,-,955,2001,Karnataka,South
Tamil,8.21%,78.77%,66.12 lakhs,-,960,2001,Karnataka,South
Urdu,7.13%,72.71%,57.98 lakhs,-,951,2001,Karnataka,South
Malayalam,5.87%,80.56%,47.34 lakhs,-,969,2001,Karnataka,South
Konkani,4.31%,77.91%,34.79 lakhs,-,953,2001,Karnataka,South
Tulu,2.99%,76.84%,24.98 lakhs,-,958,2001,Karnataka,South
Beary,2.05%,75.71%,16.71 lakhs,-,951,2001,Karnataka,South
Kodava,1.33%,74.66%,11.12 lakhs,-,954,2001,Karnataka,South
Others,8.36%,76.81%,67.23 lakhs,-,956,2001,Karnataka,South
Kannada,61.12%,71.04%,4.31 crores,-,957,1991,Karnataka,South
Telugu,10.23%,73.81%,82.34 lakhs,-,953,1991,Karnataka,South
Tamil,8.91%,77.77%,71.12 lakhs,-,958,1991,Karnataka,South
Urdu,7.83%,71.71%,62.98 lakhs,-,950,1991,Karnataka,South
Malayalam,5.67%,79.56%,45.34 lakhs,-,968,1991,Karnataka,South
Konkani,4.61%,76.91%,36.79 lakhs,-,952,1991,Karnataka,South
Tulu,3.19%,75.84%,25.98 lakhs,-,957,1991,Karnataka,South
Beary,2.15%,74.71%,17.71 lakhs,-,950,1991,Karnataka,South
Kodava,1.43%,73.66%,11.71 lakhs,-,953,1991,Karnataka,South
Others,8.76%,75.81%,69.23 lakhs,-,955,1991,Karnataka,South
Kannada,60.34%,68.74%,3.99 crores,-,954,1981,Karnataka,South
Telugu,11.03%,71.81%,89.34 lakhs,-,951,1981,Karnataka,South
Tamil,9.21%,76.77%,76.12 lakhs,-,957,1981,Karnataka,South
Urdu,8.13%,69.71%,67.98 lakhs,-,948,1981,Karnataka,South
Malayalam,5.47%,78.56%,43.34 lakhs,-,967,1981,Karnataka,South
Konkani,5.11%,75.91%,41.79 lakhs,-,950,1981,Karnataka,South
Tulu,3.29%,74.84%,26.98 lakhs,-,956,1981,Karnataka,South
Beary,2.25%,73.71%,18.71 lakhs,-,949,1981,Karnataka,South
Kodava,1.53%,72.66%,12.71 lakhs,-,952,1981,Karnataka,South
Others,9.06%,74.81%,72.23 lakhs,-,954,1981,Karnataka,South
Kannada,62.12%,64.74%,3.66 crores,-,958,1971,Karnataka,South
Telugu,12.03%,67.81%,94.34 lakhs,-,955,1971,Karnataka,South
Tamil,10.21%,70.77%,81.12 lakhs,-,960,1971,Karnataka,South
Urdu,9.13%,65.71%,72.98 lakhs,-,951,1971,Karnataka,South
Malayalam,5.27%,77.56%,42.34 lakhs,-,969,1971,Karnataka,South
Konkani,4.81%,74.91%,38.79 lakhs,-,953,1971,Karnataka,South
Tulu,3.49%,73.84%,27.98 lakhs,-,958,1971,Karnataka,South
Beary,2.35%,72.71%,19.71 lakhs,-,951,1971,Karnataka,South
Kodava,1.63%,71.66%,13.71 lakhs,-,954,1971,Karnataka,South
Others,9.46%,73.81%,75.23 lakhs,-,956,1971,Karnataka,South
Kannada,63.12%,60.74%,3.32 crores,-,961,1961,Karnataka,South
Telugu,13.03%,63.81%,102.34 lakhs,-,958,1961,Karnataka,South
Tamil,11.21%,66.77%,90.12 lakhs,-,963,1961,Karnataka,South
Urdu,10.13%,59.71%,81.98 lakhs,-,954,1961,Karnataka,South
Malayalam,5.07%,75.56%,40.34 lakhs,-,971,1961,Karnataka,South
Konkani,4.61%,72.91%,36.79 lakhs,-,956,1961,Karnataka,South
Tulu,3.69%,71.84%,29.98 lakhs,-,961,1961,Karnataka,South
Beary,2.45%,70.71%,20.71 lakhs,-,953,1961,Karnataka,South
Kodava,1.73%,69.66%,14.71 lakhs,-,958,1961,Karnataka,South
Others,9.86%,71.81%,79.23 lakhs,-,957,1961,Karnataka,South
Kannada,64.12%,57.74%,2.99 crores,-,964,1951,Karnataka,South
Telugu,14.03%,59.81%,109.34 lakhs,-,961,1951,Karnataka,South
Tamil,12.21%,62.77%,98.12 lakhs,-,966,1951,Karnataka,South
Urdu,11.13%,58.71%,89.98 lakhs,-,957,1951,Karnataka,South
Malayalam,4.87%,73.56%,38.34 lakhs,-,975,1951,Karnataka,South
Konkani,4.41%,70.91%,34.79 lakhs,-,960,1951,Karnataka,South
Tulu,3.59%,69.84%,28.98 lakhs,-,965,1951,Karnataka,South
Beary,2.35%,68.71%,19.71 lakhs,-,956,1951,Karnataka,South
Kodava,1.63%,67.66%,13.71 lakhs,-,959,1951,Karnataka,South
Others,9.66%,69.81%,77.23 lakhs,-,958,1951,Karnataka,South
Malayalam,93.41%,96.22%,"33,406,061",40.60%,934,2021,Kerela,South
Tamil,4.32%,92.30%,"1,463,738",35.20%,925,2021,Kerela,South
Kannada,1.68%,87.30%,"564,596",32.10%,918,2021,Kerela,South
Telugu,0.32%,79.40%,"105,233",28.90%,908,2021,Kerela,South
Konkani,0.11%,83.50%,"36,835",31.20%,912,2021,Kerela,South
Others,0.16%,81.60%,"53,298",29.80%,906,2021,Kerela,South
Malayalam,93.14%,95.84%,"33,383,683",38.40%,933,2011,Kerela,South
Tamil,4.29%,91.90%,"1,458,069",34.80%,924,2011,Kerela,South
Kannada,1.63%,86.70%,"557,627",31.70%,917,2011,Kerela,South
Telugu,0.31%,78.80%,"103,957",28.50%,907,2011,Kerela,South
Konkani,0.11%,82.90%,"36,581",30.90%,911,2011,Kerela,South
Others,0.15%,80.90%,"50,866",29.50%,905,2011,Kerela,South
alayalam,93.49%,96.18%,"33,019,164",41.40%,934,2001,Kerela,South
Tamil,4.25%,92.10%,"1,453,822",35.80%,925,2001,Kerela,South
Kannada,1.65%,87.10%,"558,437",32.70%,918,2001,Kerela,South
Telugu,0.31%,79.20%,"104,376",29.50%,908,2001,Kerela,South
Konkani,0.11%,83.30%,"36,682",31.80%,912,2001,Kerela,South
Others,0.18%,81.40%,"59,677",30.40%,906,2001,Kerela,South
Malayalam,92.87%,94.57%,"33,187,863",-,-,1991,Kerela,South
Tamil,4.26%,91.50%,"1,448,590",-,-,1991,Kerela,South
Kannada,1.60%,86.10%,"546,751",-,-,1991,Kerela,South
Telugu,0.30%,78.20%,"102,980",-,-,1991,Kerela,South
Konkani,0.11%,82.30%,"36,336",-,-,1991,Kerela,South
Others,0.14%,80.30%,"48,390",-,-,1991,Kerela,South
Malayalam,92.60%,94.17%,"33,006,048",36.20%,932,1981,Kerela,South
Tamil,4.23%,91.10%,"1,439,121",34.40%,923,1981,Kerela,South
Kannada,1.57%,85.50%,"535,881",31.40%,916,1981,Kerela,South
Telugu,0.29%,77.60%,"101,999",28.10%,906,1981,Kerela,South
Konkani,0.11%,81.70%,"36,092",30.70%,910,1981,Kerela,South
Others,0.14%,79.70%,"47,997",29.30%,904,1981,Kerela,South
Malayalam,92.33%,93.77%,"32,831,238",-,-,1971,Kerela,South
Tamil,4.20%,90.70%,"1,429,652",-,-,1971,Kerela,South
Kannada,1.54%,85.10%,"525,011",-,-,1971,Kerela,South
Telugu,0.28%,77.00%,"100,998",-,-,1971,Kerela,South
Konkani,0.11%,81.10%,"35,848",-,-,1971,Kerela,South
Others,0.14%,79.10%,"46,749",-,-,1971,Kerela,South
Malayalam,92.06%,93.37%,"32,657,443",-,-,1961,Kerela,South
Tamil,4.17%,90.30%,"1,420,183",-,-,1961,Kerela,South
Kannada,1.51%,84.70%,"514,139",-,-,1961,Kerela,South
Telugu,0.27%,76.40%,"99,997",-,-,1961,Kerela,South
Konkani,0.11%,80.50%,"35,604",-,-,1961,Kerela,South
Others,0.14%,78.50%,"46,177",-,-,1961,Kerela,South
Malayalam,91.79%,92.97%,"32,483,647",-,-,1951,Kerela,South
Tamil,4.14%,90.00%,"1,410,714",-,-,1951,Kerela,South
Kannada,1.48%,84.30%,"503,267",-,-,1951,Kerela,South
Telugu,0.27%,75.80%,"99,001",-,-,1951,Kerela,South
Konkani,0.11%,80.00%,"35,360",-,-,1951,Kerela,South
Others,0.14%,77.90%,"45,665",-,-,1951,Kerela,South
Assamese,80.16,78.79,"30,968,538",-,954,2021,Assam,North-East
Bengali,12.24,75.71,"3,838,605",-,949,2021,Assam,North-East
Bodo,3.79,71.43,"1,195,891",-,951,2021,Assam,North-East
Karbi,1.27,70.41,"406,318",-,953,2021,Assam,North-East
Rabha,1.08,70.78,"348,600",-,950,2021,Assam,North-East
Dimasa,0.94,70.33,"300,825",-,952,2021,Assam,North-East
Mising,0.87,70.16,"276,384",-,948,2021,Assam,North-East
Tiwa,0.76,69.63,"242,500",-,954,2021,Assam,North-East
Deori,0.62,68.93,"196,341",-,951,2021,Assam,North-East
Sonowal,0.56,68.3,"179,481",-,949,2021,Assam,North-East
Other Rural Languages,1.67,70.84,"525,991",-,952,2021,Assam,North-East
Assamese,77.71,73.18,"30,290,954",-,955,2011,Assam,North-East
Bengali,12.96,73.08,"4,033,457",-,949,2011,Assam,North-East
Bodo,3.98,67.92,"1,260,821",-,952,2011,Assam,North-East
Karbi,1.22,66.34,"383,178",-,953,2011,Assam,North-East
Rabha,1.14,66.61,"362,164",-,950,2011,Assam,North-East
Dimasa,1,65.95,"314,586",-,952,2011,Assam,North-East
Tiwa (recorded as Lalung in Census 2011),0.8,65.2,"256,600",-,953,2011,Assam,North-East
Deori,0.67,64.94,"216,498",-,952,2011,Assam,North-East
Sonowal,0.6,64.56,"191,467",-,949,2011,Assam,North-East
Other Rural Languages,1.9,67.37,"591,585",-,951,2011,Assam,North-East
Assamese,73.37,65.42,"25,880,615",-,958,2001,Assam,North-East
Bengali,13.74,67.69,"3,579,552",-,946,2001,Assam,North-East
Bodo,4.17,59.82,"1,072,707",-,952,2001,Assam,North-East
Karbi,1.28,59.09,"335,899",-,953,2001,Assam,North-East
Rabha,1.21,59.27,"312,489",-,949,2001,Assam,North-East
Dimasa,1.08,59.84,"280,071",-,950,2001,Assam,North-East
Mising,0.9,59.36,"232,300",-,946,2001,Assam,North-East
Tiwa,0.8,58.75,"204,500",-,954,2001,Assam,North-East
Deori,0.66,58.19,"169,138",-,950,2001,Assam,North-East
Sonowal,0.59,57.61,"150,867",-,947,2001,Assam,North-East
Other Rural Languages,1.91,60.47,"484,697",-,951,2001,Assam,North-East
Assamese,73.37,65.42,"25,880,615",-,958,1991,Assam,North-East
Bengali,13.74,67.69,"3,579,552",-,946,1991,Assam,North-East
Bodo,4.17,59.82,"1,072,707",-,952,1991,Assam,North-East
Karbi,1.28,59.09,"335,899",-,953,1991,Assam,North-East
Rabha,1.21,59.27,"312,489",-,949,1991,Assam,North-East
Dimasa,1.08,59.84,"280,071",-,950,1991,Assam,North-East
Mising,0.9,59.36,"232,300",-,946,1991,Assam,North-East
Tiwa,0.8,58.75,"204,500",-,954,1991,Assam,North-East
Deori,0.66,58.19,"169,138",-,950,1991,Assam,North-East
Sonowal,0.59,57.61,"150,867",-,947,1991,Assam,North-East
Other Rural Languages,1.91,60.47,"484,697",-,951,1991,Assam,North-East
Assamese,72.03%,-,-,-,958,1981,Assam,North-East
Bengali,13.56%,-,-,-,946,1981,Assam,North-East
Bodo,3.75%,-,-,-,952,1981,Assam,North-East
Karbi,1.24%,-,-,-,953,1981,Assam,North-East
Rabha,1.19%,-,-,-,949,1981,Assam,North-East
Dimasa,1.06%,-,-,-,950,1981,Assam,North-East
Others,8.17%,-,-,-,951,1981,Assam,North-East
Assamese,"10,025,854",68.10%,-,-,-,1971,Assam,North-East
Bengali,"1,958,513",13.40%,-,-,-,1971,Assam,North-East
Bodo,"498,238",3.30%,-,-,-,1971,Assam,North-East
Karbi,"177,378",1.20%,-,-,-,1971,Assam,North-East
Rabha,"164,380",1.10%,-,-,-,1971,Assam,North-East
Dimasa,"151,083",1.00%,-,-,-,1971,Assam,North-East
Others,"1,750,706",11.90%,-,-,-,1971,Assam,North-East
Assamese,"9,472,387",65.30%,-,-,-,1961,Assam,North-East
Bengali,"2,034,202",14.10%,-,-,-,1961,Assam,North-East
Bodo,"536,094",3.70%,-,-,-,1961,Assam,North-East
Karbi,"191,481",1.30%,-,-,-,1961,Assam,North-East
Rabha,"162,164",1.10%,-,-,-,1961,Assam,North-East
Dimasa,"146,203",1.00%,-,-,-,1961,Assam,North-East
Others,"2,123,121",14.50%,-,-,-,1961,Assam,North-East
Meitei,60.43%,87.50%,"2,876,392",35.60%,948,2021,Manipur,North-East
Tangkhul Naga,10.16%,82.40%,"385,179",-,-,2021,Manipur,North-East
Kukish,8.21%,80.60%,"312,404",-,-,2021,Manipur,North-East
Manipuri (Other),6.42%,78.50%,"245,126",-,-,2021,Manipur,North-East
Maring,4.72%,76.40%,"181,435",-,-,2021,Manipur,North-East
Other Rural Languages,10.06%,74.30%,"385,652",-,-,2021,Manipur,North-East
Meitei,60.43%,73.40%,"2,573,190",-,969,2011,Manipur,North-East
Tangkhul Naga,10.16%,67.80%,"352,800",-,-,2011,Manipur,North-East
Kukish,8.21%,65.40%,"300,135",-,-,2011,Manipur,North-East
Manipuri (Other),6.42%,63.10%,"231,745",-,-,2011,Manipur,North-East
Maring,4.72%,60.80%,"174,076",-,-,2011,Manipur,North-East
Other Rural Languages,10.06%,58.50%,"361,244",-,-,2011,Manipur,North-East
Meitei,60.43%,65.80%,"2,269,404",-,983,2001,Manipur,North-East
Tangkhul Naga,10.16%,58.70%,"315,200",-,-,2001,Manipur,North-East
Kukish,8.21%,56.30%,"268,905",-,-,2001,Manipur,North-East
Manipuri (Other),6.42%,53.90%,"209,345",-,-,2001,Manipur,North-East
Maring,4.72%,51.50%,"163,176",-,-,2001,Manipur,North-East
Other Rural Languages,10.06%,49.20%,"333,244",-,-,2001,Manipur,North-East
eitei,60.43%,57.50%,"1,965,618",-,997,1991,Manipur,North-East
Tangkhul Naga,10.16%,50.40%,"278,600",-,-,1991,Manipur,North-East
Kukish,8.21%,48.00%,"238,705",-,-,1991,Manipur,North-East
Manipuri (Other),6.42%,45.60%,"189,845",-,-,1991,Manipur,North-East
Maring,4.72%,43.20%,"152,376",-,-,1991,Manipur,North-East
Other Rural Languages,10.06%,40.90%,"302,944",-,-,1991,Manipur,North-East
Meitei,60.43%,49.20%,"1,661,842",-,1004,1981,Manipur,North-East
Tangkhul Naga,10.16%,42.10%,"242,000",-,-,1981,Manipur,North-East
Kukish,8.21%,39.70%,"209,505",-,-,1981,Manipur,North-East
Manipuri (Other),6.42%,37.30%,"170,045",-,-,1981,Manipur,North-East
Maring,4.72%,34.90%,"142,676",-,-,1981,Manipur,North-East
Other Rural Languages,10.06%,32.60%,"275,544",-,-,1981,Manipur,North-East
Meitei,60.43%,36.40%,"1,358,066",-,1011,1971,Manipur,North-East
Tangkhul Naga,10.16%,30.30%,"206,400",-,-,1971,Manipur,North-East
Kukish,8.21%,28.50%,"180,305",-,-,1971,Manipur,North-East
Manipuri (Other),6.42%,26.70%,"151,645",-,-,1971,Manipur,North-East
Maring,4.72%,24.90%,"133,076",-,-,1971,Manipur,North-East
Other Rural Languages,10.06%,23.10%,"249,444",-,-,1971,Manipur,North-East
Meitei,60.43%,25.80%,"1,054,288",-,1018,1961,Manipur,North-East
Tangkhul Naga,10.16%,21.20%,"171,200",-,-,1961,Manipur,North-East
Kukish,8.21%,19.40%,"151,505",-,-,1961,Manipur,North-East
Manipuri (Other),6.42%,17.60%,"132,845",-,-,1961,Manipur,North-East
Maring,4.72%,15.80%,"114,276",-,-,1961,Manipur,North-East
Other Rural Languages,10.06%,14.00%,"194,144",-,-,1961,Manipur,North-East
Meitei,60.43%,19.50%,"850,510",-,1025,1951,Manipur,North-East
Tangkhul Naga,10.16%,16.40%,"136,800",-,-,1951,Manipur,North-East
Kukish,8.21%,14.60%,"119,105",-,-,1951,Manipur,North-East
Manipuri (Other),6.42%,12.80%,"97,345",-,-,1951,Manipur,North-East
Maring,4.72%,11.00%,"85,676",-,-,1951,Manipur,North-East
Other Rural Languages,10.06%,9.20%,"151,044",-,-,1951,Manipur,North-East